"0","ggplot(dataset, aes(x = physical_act)) +"
"0","  geom_histogram(aes(y = ..density..), bins = 30, fill = ""skyblue"", color = ""black"", alpha = 0.6) +"
"0","  geom_density(color = ""darkblue"", size = 1) +"
"0","  ggtitle(""Histogram and Density of Physical Activity"") +"
"0","  theme_minimal() +"
"0","  labs(x = ""Physical Activity"", y = ""Density"")"
"2","Warning:"
"2"," [38;5;232mThe dot-dot notation (`..density..`) was deprecated in ggplot2 3.4.0.
[36mâ„¹[38;5;232m Please use `after_stat(density)` instead.
[90mThis warning is displayed once every 8 hours.[38;5;232m
[90mCall `lifecycle::last_lifecycle_warnings()` to see where this warning was generated.[38;5;232m[39m
"
